backend,decision,frame,model_move,confidence,p_up,p_down,p_stay,perfect_move,used_fallback,played_move,agreed_when_acted,latency_ms,ai_score,opponent_score
heuristic,1,0,DOWN,1.0,0.0,1.0,0.0,DOWN,0,DOWN,1,0.1,0,0
heuristic,2,2,DOWN,0.9999,0.0,0.9999,0.0,DOWN,0,DOWN,1,0.0,0,0
heuristic,3,4,DOWN,0.9968,0.0016,0.9968,0.0016,DOWN,0,DOWN,1,0.0,0,0
heuristic,4,6,DOWN,0.8845,0.0584,0.8845,0.0571,DOWN,0,DOWN,1,0.0,0,0
heuristic,5,8,STAY,0.8659,0.0393,0.0949,0.8659,STAY,0,STAY,1,0.0,0,0
heuristic,6,10,STAY,0.7626,0.1621,0.0753,0.7626,STAY,0,STAY,1,0.0,0,0
heuristic,7,12,STAY,0.8789,0.0561,0.065,0.8789,STAY,0,STAY,1,0.0,0,0
heuristic,8,14,STAY,0.7904,0.0944,0.1152,0.7904,STAY,0,STAY,1,0.0,0,0
heuristic,9,16,STAY,0.7834,0.1067,0.1099,0.7834,STAY,0,STAY,1,0.0,0,0
heuristic,10,18,STAY,0.8376,0.0975,0.0649,0.8376,STAY,0,STAY,1,0.0,0,0
heuristic,11,20,STAY,0.8529,0.0751,0.072,0.8529,STAY,0,STAY,1,0.0,0,0
heuristic,12,22,STAY,0.8357,0.0716,0.0927,0.8357,STAY,0,STAY,1,0.0,0,0
heuristic,13,24,STAY,0.8455,0.0841,0.0704,0.8455,STAY,0,STAY,1,0.0,0,0
heuristic,14,26,STAY,0.8309,0.1134,0.0557,0.8309,STAY,0,STAY,1,0.0,0,0
heuristic,15,28,STAY,0.8685,0.087,0.0445,0.8685,STAY,0,STAY,1,0.0,0,0
heuristic,16,30,UP,1.0,1.0,0.0,0.0,UP,0,UP,1,0.0,0,0
heuristic,17,32,UP,0.9999,0.9999,0.0,0.0001,UP,0,UP,1,0.0,0,0
heuristic,18,34,UP,0.9951,0.9951,0.0015,0.0034,UP,0,UP,1,0.0,0,0
heuristic,19,36,UP,0.7539,0.7539,0.1124,0.1337,UP,0,UP,1,0.0,0,0
heuristic,20,38,DOWN,0.8132,0.1198,0.8132,0.067,DOWN,0,DOWN,1,0.0,0,0
heuristic,21,40,UP,0.8466,0.8466,0.0746,0.0788,UP,0,UP,1,0.0,0,0
heuristic,22,42,DOWN,0.7815,0.0953,0.7815,0.1232,DOWN,0,DOWN,1,0.0,0,0
heuristic,23,44,UP,0.914,0.914,0.0387,0.0473,UP,0,UP,1,0.0,0,0
heuristic,24,46,DOWN,0.8412,0.0747,0.8412,0.0841,DOWN,0,DOWN,1,0.0,0,0
heuristic,25,48,UP,0.7106,0.7106,0.0775,0.2119,UP,0,UP,1,0.0,0,0
heuristic,26,50,DOWN,0.696,0.1077,0.696,0.1962,DOWN,0,DOWN,1,0.0,0,0
heuristic,27,52,UP,0.835,0.835,0.0812,0.0838,UP,0,UP,1,0.0,0,0
heuristic,28,54,DOWN,0.8429,0.076,0.8429,0.0811,DOWN,0,DOWN,1,0.0,0,0
heuristic,29,56,UP,0.832,0.832,0.1138,0.0542,UP,0,UP,1,0.0,0,0
heuristic,30,58,DOWN,0.7884,0.1196,0.7884,0.0919,DOWN,0,DOWN,1,0.0,0,0
heuristic,31,60,UP,0.6333,0.6333,0.137,0.2297,UP,0,UP,1,0.0,0,0
heuristic,32,62,DOWN,0.7795,0.0597,0.7795,0.1608,DOWN,0,DOWN,1,0.0,0,0
heuristic,33,64,UP,0.6112,0.6112,0.23,0.1588,UP,0,UP,1,0.0,0,0
heuristic,34,66,DOWN,0.7897,0.0905,0.7897,0.1198,DOWN,0,DOWN,1,0.0,0,0
heuristic,35,68,UP,0.7712,0.7712,0.1494,0.0794,UP,0,UP,1,0.0,0,0
heuristic,36,70,DOWN,0.8502,0.0691,0.8502,0.0807,DOWN,0,DOWN,1,0.0,0,0
heuristic,37,72,UP,0.6393,0.6393,0.164,0.1967,UP,0,UP,1,0.0,0,0
heuristic,38,74,DOWN,0.7158,0.1344,0.7158,0.1498,DOWN,0,DOWN,1,0.0,0,0
heuristic,39,76,UP,0.7344,0.7344,0.0943,0.1712,UP,0,UP,1,0.0,0,0
heuristic,40,78,DOWN,0.8956,0.0544,0.8956,0.05,DOWN,0,DOWN,1,0.0,0,0
heuristic,41,80,UP,0.6725,0.6725,0.1495,0.178,UP,0,UP,1,0.0,0,0
heuristic,42,82,DOWN,0.7764,0.1258,0.7764,0.0979,DOWN,0,DOWN,1,0.0,0,0
heuristic,43,84,UP,0.7827,0.7827,0.1228,0.0944,UP,0,UP,1,0.0,0,0
heuristic,44,86,DOWN,0.8111,0.099,0.8111,0.0899,DOWN,0,DOWN,1,0.0,0,0
heuristic,45,88,UP,0.7487,0.7487,0.0945,0.1568,UP,0,UP,1,0.0,0,0
heuristic,46,90,DOWN,1.0,0.0,1.0,0.0,DOWN,0,DOWN,1,0.0,0,0
heuristic,47,92,DOWN,0.9999,0.0,0.9999,0.0,DOWN,0,DOWN,1,0.0,0,0
heuristic,48,94,DOWN,0.9983,0.0013,0.9983,0.0004,DOWN,0,DOWN,1,0.0,0,0
heuristic,49,96,DOWN,0.84,0.0592,0.84,0.1008,DOWN,0,DOWN,1,0.0,0,0
heuristic,50,98,UP,0.7611,0.7611,0.097,0.1419,UP,0,UP,1,0.0,0,0
heuristic,51,100,DOWN,0.6802,0.1025,0.6802,0.2173,DOWN,0,DOWN,1,0.0,0,0
heuristic,52,102,UP,0.7971,0.7971,0.0934,0.1095,UP,0,UP,1,0.0,0,0
heuristic,53,104,DOWN,0.868,0.0932,0.868,0.0388,DOWN,0,DOWN,1,0.0,0,0
heuristic,54,106,UP,0.7149,0.7149,0.1944,0.0907,UP,0,UP,1,0.0,0,0
heuristic,55,108,DOWN,0.8408,0.0669,0.8408,0.0924,DOWN,0,DOWN,1,0.0,0,0
heuristic,56,110,UP,0.8794,0.8794,0.0464,0.0743,UP,0,UP,1,0.0,0,0
heuristic,57,112,DOWN,0.823,0.0668,0.823,0.1102,DOWN,0,DOWN,1,0.0,0,0
heuristic,58,114,UP,0.5401,0.5401,0.3258,0.1341,UP,1,UP,0,0.0,0,0
heuristic,59,116,DOWN,0.691,0.1682,0.691,0.1408,DOWN,0,DOWN,1,0.0,0,0
heuristic,60,118,UP,0.8237,0.8237,0.0829,0.0934,UP,0,UP,1,0.0,0,0
heuristic,61,120,DOWN,0.8014,0.1146,0.8014,0.0841,DOWN,0,DOWN,1,0.0,0,0
heuristic,62,122,UP,0.819,0.819,0.1114,0.0696,UP,0,UP,1,0.0,0,0
heuristic,63,124,DOWN,0.596,0.2646,0.596,0.1394,DOWN,0,DOWN,1,0.0,0,0
heuristic,64,126,UP,0.7085,0.7085,0.1312,0.1603,UP,0,UP,1,0.0,0,0
heuristic,65,128,DOWN,0.8684,0.0853,0.8684,0.0463,DOWN,0,DOWN,1,0.0,0,0
heuristic,66,130,UP,0.6519,0.6519,0.2209,0.1272,UP,0,UP,1,0.0,0,0
heuristic,67,132,DOWN,0.6998,0.0929,0.6998,0.2073,DOWN,0,DOWN,1,0.0,0,0
heuristic,68,134,UP,0.7709,0.7709,0.1602,0.0689,UP,0,UP,1,0.0,0,0
heuristic,69,136,DOWN,0.7189,0.1218,0.7189,0.1593,DOWN,0,DOWN,1,0.0,0,0
heuristic,70,138,UP,0.8149,0.8149,0.0551,0.13,UP,0,UP,1,0.0,0,0
heuristic,71,140,DOWN,0.8119,0.1388,0.8119,0.0493,DOWN,0,DOWN,1,0.0,0,0
heuristic,72,142,UP,0.8511,0.8511,0.081,0.0679,UP,0,UP,1,0.0,0,0
heuristic,73,144,DOWN,0.8571,0.0579,0.8571,0.085,DOWN,0,DOWN,1,0.0,0,0
heuristic,74,146,UP,0.4496,0.4496,0.2583,0.2921,UP,1,UP,0,0.0,0,0
heuristic,75,148,DOWN,0.8505,0.1021,0.8505,0.0473,DOWN,0,DOWN,1,0.0,0,0
heuristic,76,150,UP,1.0,1.0,0.0,0.0,UP,0,UP,1,0.0,0,0
heuristic,77,152,UP,1.0,1.0,0.0,0.0,UP,0,UP,1,0.0,0,0
heuristic,78,154,UP,0.9948,0.9948,0.0015,0.0038,UP,0,UP,1,0.0,0,0
heuristic,79,156,UP,0.8207,0.8207,0.0803,0.0991,UP,0,UP,1,0.0,0,0
heuristic,80,158,DOWN,0.7217,0.1272,0.7217,0.1511,DOWN,0,DOWN,1,0.0,0,0
heuristic,81,160,UP,0.6983,0.6983,0.139,0.1627,UP,0,UP,1,0.0,0,0
heuristic,82,162,DOWN,0.652,0.1961,0.652,0.1519,DOWN,0,DOWN,1,0.0,0,0
heuristic,83,164,UP,0.7634,0.7634,0.1364,0.1002,UP,0,UP,1,0.0,0,0
heuristic,84,166,DOWN,0.6622,0.2005,0.6622,0.1373,DOWN,0,DOWN,1,0.0,0,0
heuristic,85,168,UP,0.793,0.793,0.1136,0.0933,UP,0,UP,1,0.0,0,0
heuristic,86,170,DOWN,0.8681,0.0681,0.8681,0.0637,DOWN,0,DOWN,1,0.0,0,0
heuristic,87,172,UP,0.7909,0.7909,0.1262,0.0829,UP,0,UP,1,0.0,0,0
heuristic,88,174,DOWN,0.7434,0.0786,0.7434,0.1779,DOWN,0,DOWN,1,0.0,0,0
heuristic,89,176,UP,0.6502,0.6502,0.127,0.2228,UP,0,UP,1,0.0,0,0
heuristic,90,178,DOWN,0.7369,0.1313,0.7369,0.1318,DOWN,0,DOWN,1,0.0,0,0
heuristic,91,180,UP,0.8633,0.8633,0.073,0.0638,UP,0,UP,1,0.0,0,0
heuristic,92,182,DOWN,0.863,0.0676,0.863,0.0694,DOWN,0,DOWN,1,0.0,0,0
heuristic,93,184,UP,0.7998,0.7998,0.1133,0.0868,UP,0,UP,1,0.0,0,0
heuristic,94,186,DOWN,0.7,0.1374,0.7,0.1626,DOWN,0,DOWN,1,0.0,0,0
heuristic,95,188,UP,0.6275,0.6275,0.2176,0.155,UP,0,UP,1,0.0,0,0
heuristic,96,190,DOWN,0.8706,0.0463,0.8706,0.083,DOWN,0,DOWN,1,0.0,0,0
heuristic,97,192,UP,0.6475,0.6475,0.1408,0.2118,UP,0,UP,1,0.0,0,0
heuristic,98,194,DOWN,0.8186,0.0718,0.8186,0.1095,DOWN,0,DOWN,1,0.0,0,0
heuristic,99,196,UP,0.7745,0.7745,0.0931,0.1324,UP,0,UP,1,0.0,0,0
heuristic,100,198,DOWN,0.8324,0.1212,0.8324,0.0464,DOWN,0,DOWN,1,0.0,0,0
heuristic,101,200,UP,0.8029,0.8029,0.1256,0.0716,UP,0,UP,1,0.0,0,0
heuristic,102,202,DOWN,0.913,0.0532,0.913,0.0339,DOWN,0,DOWN,1,0.0,0,0
heuristic,103,204,UP,0.74,0.74,0.1985,0.0614,UP,0,UP,1,0.0,0,0
heuristic,104,206,DOWN,0.865,0.077,0.865,0.058,DOWN,0,DOWN,1,0.0,0,0
heuristic,105,208,UP,0.8107,0.8107,0.1236,0.0657,UP,0,UP,1,0.0,0,0
heuristic,106,210,STAY,0.8413,0.074,0.0846,0.8413,STAY,0,STAY,1,0.0,0,0
heuristic,107,212,STAY,0.7505,0.1282,0.1212,0.7505,STAY,0,STAY,1,0.0,0,0
heuristic,108,214,STAY,0.7918,0.0817,0.1265,0.7918,STAY,0,STAY,1,0.0,0,0
heuristic,109,216,STAY,0.9338,0.033,0.0332,0.9338,STAY,0,STAY,1,0.0,0,0
heuristic,110,218,STAY,0.5485,0.2455,0.2059,0.5485,STAY,1,STAY,0,0.0,0,0
heuristic,111,220,STAY,0.8598,0.0718,0.0684,0.8598,STAY,0,STAY,1,0.0,0,0
heuristic,112,222,STAY,0.8225,0.0964,0.0811,0.8225,STAY,0,STAY,1,0.0,0,0
heuristic,113,224,STAY,0.8264,0.0453,0.1283,0.8264,STAY,0,STAY,1,0.0,0,0
heuristic,114,226,STAY,0.8676,0.0437,0.0888,0.8676,STAY,0,STAY,1,0.0,0,0
heuristic,115,228,STAY,0.8668,0.0581,0.0751,0.8668,STAY,0,STAY,1,0.0,0,0
heuristic,116,230,STAY,0.7519,0.1367,0.1115,0.7519,STAY,0,STAY,1,0.0,0,0
heuristic,117,232,STAY,0.6056,0.2342,0.1603,0.6056,STAY,0,STAY,1,0.0,0,0
heuristic,118,234,STAY,0.827,0.0443,0.1287,0.827,STAY,0,STAY,1,0.0,0,0
heuristic,119,236,STAY,0.6538,0.2034,0.1428,0.6538,STAY,0,STAY,1,0.0,0,0
heuristic,120,238,STAY,0.8023,0.1384,0.0593,0.8023,STAY,0,STAY,1,0.0,0,0
heuristic,121,240,STAY,0.7458,0.1142,0.14,0.7458,STAY,0,STAY,1,0.0,0,0
heuristic,122,242,STAY,0.8154,0.0829,0.1017,0.8154,STAY,0,STAY,1,0.0,0,0
heuristic,123,244,STAY,0.76,0.129,0.111,0.76,STAY,0,STAY,1,0.0,0,0
heuristic,124,246,STAY,0.732,0.1513,0.1168,0.732,STAY,0,STAY,1,0.0,0,0
heuristic,125,248,STAY,0.8197,0.0803,0.1,0.8197,STAY,0,STAY,1,0.0,0,0
heuristic,126,250,STAY,0.815,0.0951,0.09,0.815,STAY,0,STAY,1,0.0,0,0
heuristic,127,252,STAY,0.8607,0.0832,0.0561,0.8607,STAY,0,STAY,1,0.0,0,0
heuristic,128,254,STAY,0.7533,0.1366,0.11,0.7533,STAY,0,STAY,1,0.0,0,0
heuristic,129,256,STAY,0.6997,0.1865,0.1138,0.6997,STAY,0,STAY,1,0.0,0,0
heuristic,130,258,STAY,0.8636,0.0799,0.0565,0.8636,STAY,0,STAY,1,0.0,0,0
heuristic,131,260,STAY,0.8454,0.0977,0.0569,0.8454,STAY,0,STAY,1,0.0,0,0
heuristic,132,262,STAY,0.6688,0.2203,0.1109,0.6688,STAY,0,STAY,1,0.0,0,0
heuristic,133,264,STAY,0.8376,0.0633,0.0992,0.8376,STAY,0,STAY,1,0.0,0,0
heuristic,134,266,STAY,0.7989,0.0779,0.1231,0.7989,STAY,0,STAY,1,0.0,0,0
heuristic,135,268,STAY,0.8723,0.057,0.0707,0.8723,STAY,0,STAY,1,0.0,0,0
heuristic,136,270,DOWN,0.835,0.1109,0.835,0.0541,DOWN,0,DOWN,1,0.0,0,0
heuristic,137,272,UP,0.7619,0.7619,0.1402,0.0979,UP,0,UP,1,0.0,0,0
heuristic,138,274,DOWN,0.763,0.1218,0.763,0.1152,DOWN,0,DOWN,1,0.0,0,0
heuristic,139,276,UP,0.6327,0.6327,0.2249,0.1424,UP,0,UP,1,0.0,0,0
heuristic,140,278,DOWN,0.6912,0.084,0.6912,0.2248,DOWN,0,DOWN,1,0.0,0,0
heuristic,141,280,UP,0.7031,0.7031,0.1457,0.1512,UP,0,UP,1,0.0,0,0
heuristic,142,282,DOWN,0.7035,0.1436,0.7035,0.153,DOWN,0,DOWN,1,0.0,0,0
heuristic,143,284,UP,0.7495,0.7495,0.1328,0.1176,UP,0,UP,1,0.0,0,0
heuristic,144,286,DOWN,0.818,0.0828,0.818,0.0992,DOWN,0,DOWN,1,0.0,0,0
heuristic,145,288,UP,0.8038,0.8038,0.1032,0.093,UP,0,UP,1,0.0,0,0
heuristic,146,290,DOWN,0.7113,0.177,0.7113,0.1117,DOWN,0,DOWN,1,0.0,0,0
heuristic,147,292,UP,0.8355,0.8355,0.0676,0.0969,UP,0,UP,1,0.0,0,0
heuristic,148,294,DOWN,0.7723,0.0657,0.7723,0.162,DOWN,0,DOWN,1,0.0,0,0
heuristic,149,296,UP,0.8256,0.8256,0.0899,0.0845,UP,0,UP,1,0.0,0,0
heuristic,150,298,DOWN,0.8858,0.0385,0.8858,0.0757,DOWN,0,DOWN,1,0.0,0,0
heuristic,151,300,UP,0.8663,0.8663,0.0587,0.0749,UP,0,UP,1,0.0,0,0
heuristic,152,302,DOWN,0.8352,0.0455,0.8352,0.1193,DOWN,0,DOWN,1,0.0,0,0
heuristic,153,304,UP,0.6305,0.6305,0.1628,0.2067,UP,0,UP,1,0.0,0,0
heuristic,154,306,DOWN,0.7605,0.1052,0.7605,0.1343,DOWN,0,DOWN,1,0.0,0,0
heuristic,155,308,UP,0.7851,0.7851,0.081,0.1339,UP,0,UP,1,0.0,0,0
heuristic,156,310,DOWN,0.7956,0.0941,0.7956,0.1103,DOWN,0,DOWN,1,0.0,0,0
heuristic,157,312,UP,0.8541,0.8541,0.1027,0.0432,UP,0,UP,1,0.0,0,0
heuristic,158,314,DOWN,0.7699,0.1265,0.7699,0.1036,DOWN,0,DOWN,1,0.0,0,0
heuristic,159,316,UP,0.7664,0.7664,0.1069,0.1267,UP,0,UP,1,0.0,0,0
heuristic,160,318,DOWN,0.7537,0.0903,0.7537,0.156,DOWN,0,DOWN,1,0.0,0,0
heuristic,161,320,UP,0.7861,0.7861,0.1023,0.1116,UP,0,UP,1,0.0,0,0
heuristic,162,322,DOWN,0.8326,0.0676,0.8326,0.0998,DOWN,0,DOWN,1,0.0,0,0
heuristic,163,324,UP,0.8054,0.8054,0.0888,0.1058,UP,0,UP,1,0.0,0,0
heuristic,164,326,DOWN,0.7893,0.0581,0.7893,0.1526,DOWN,0,DOWN,1,0.0,0,0
heuristic,165,328,UP,0.6725,0.6725,0.1652,0.1622,UP,0,UP,1,0.0,0,0
heuristic,166,330,UP,0.9971,0.9971,0.0015,0.0014,UP,0,UP,1,0.0,0,0
heuristic,167,332,UP,0.9068,0.9068,0.0519,0.0413,UP,0,UP,1,0.0,0,0
heuristic,168,334,DOWN,0.6208,0.1637,0.6208,0.2155,DOWN,0,DOWN,1,0.0,0,0
heuristic,169,336,UP,0.9384,0.9384,0.0362,0.0254,UP,0,UP,1,0.0,0,0
heuristic,170,338,STAY,0.8564,0.0596,0.084,0.8564,STAY,0,STAY,1,0.0,0,0
heuristic,171,340,STAY,0.8563,0.0595,0.0843,0.8563,STAY,0,STAY,1,0.0,0,0
heuristic,172,342,STAY,0.8175,0.0846,0.0979,0.8175,STAY,0,STAY,1,0.0,0,0
heuristic,173,344,STAY,0.844,0.1117,0.0443,0.844,STAY,0,STAY,1,0.0,0,0
heuristic,174,346,STAY,0.6668,0.1379,0.1953,0.6668,STAY,0,STAY,1,0.0,0,0
heuristic,175,348,STAY,0.885,0.0475,0.0674,0.885,STAY,0,STAY,1,0.0,0,0
heuristic,176,350,STAY,0.8427,0.1053,0.052,0.8427,STAY,0,STAY,1,0.0,0,0
heuristic,177,352,STAY,0.8368,0.079,0.0842,0.8368,STAY,0,STAY,1,0.0,0,0
heuristic,178,354,STAY,0.7877,0.0939,0.1185,0.7877,STAY,0,STAY,1,0.0,0,0
heuristic,179,356,STAY,0.8511,0.1018,0.0471,0.8511,STAY,0,STAY,1,0.0,0,0
heuristic,180,358,STAY,0.7941,0.143,0.0629,0.7941,STAY,0,STAY,1,0.0,0,0
heuristic,181,360,STAY,0.7767,0.1336,0.0897,0.7767,STAY,0,STAY,1,0.0,0,0
heuristic,182,362,STAY,0.8649,0.0637,0.0714,0.8649,STAY,0,STAY,1,0.0,0,0
heuristic,183,364,STAY,0.8884,0.0326,0.079,0.8884,STAY,0,STAY,1,0.0,0,0
heuristic,184,366,STAY,0.8257,0.0833,0.0909,0.8257,STAY,0,STAY,1,0.0,0,0
heuristic,185,368,STAY,0.8583,0.096,0.0457,0.8583,STAY,0,STAY,1,0.0,0,0
heuristic,186,370,STAY,0.9014,0.0511,0.0474,0.9014,STAY,0,STAY,1,0.0,0,0
heuristic,187,372,STAY,0.7791,0.1359,0.0849,0.7791,STAY,0,STAY,1,0.0,0,0
heuristic,188,374,STAY,0.8482,0.0872,0.0645,0.8482,STAY,0,STAY,1,0.0,0,0
heuristic,189,376,STAY,0.7518,0.1326,0.1156,0.7518,STAY,0,STAY,1,0.0,0,0
heuristic,190,378,STAY,0.8206,0.1237,0.0557,0.8206,STAY,0,STAY,1,0.0,0,0
heuristic,191,380,STAY,0.7731,0.1015,0.1254,0.7731,STAY,0,STAY,1,0.0,0,0
heuristic,192,382,STAY,0.6777,0.173,0.1493,0.6777,STAY,0,STAY,1,0.0,0,0
heuristic,193,384,STAY,0.9359,0.0327,0.0314,0.9359,STAY,0,STAY,1,0.0,0,0
heuristic,194,386,STAY,0.8458,0.0717,0.0825,0.8458,STAY,0,STAY,1,0.0,0,0
heuristic,195,388,STAY,0.8731,0.0741,0.0528,0.8731,STAY,0,STAY,1,0.0,0,0
heuristic,196,390,DOWN,0.9999,0.0,0.9999,0.0001,DOWN,0,DOWN,1,0.0,0,0
heuristic,197,392,DOWN,0.9949,0.0032,0.9949,0.0019,DOWN,0,DOWN,1,0.0,0,0
heuristic,198,394,DOWN,0.6911,0.1172,0.6911,0.1917,DOWN,0,DOWN,1,0.0,0,0
heuristic,199,396,UP,0.8424,0.8424,0.0837,0.0739,UP,0,UP,1,0.0,0,0
heuristic,200,398,DOWN,0.7616,0.1119,0.7616,0.1265,DOWN,0,DOWN,1,0.0,0,0
llama,1,0,UP,0.4294,0.4294,0.2917,0.2789,DOWN,1,DOWN,0,8318.7,0,0
llama,2,2,UP,0.4037,0.4037,0.2628,0.3335,DOWN,1,DOWN,0,7700.8,0,0
llama,3,4,UP,0.3828,0.3828,0.28,0.3372,DOWN,1,DOWN,0,8181.0,0,0
llama,4,6,UP,0.3781,0.3781,0.302,0.3199,DOWN,1,DOWN,0,8266.5,0,0
llama,5,8,UP,0.3471,0.3471,0.3126,0.3403,STAY,1,STAY,0,7586.4,0,0
llama,6,10,UP,0.344,0.344,0.3166,0.3394,STAY,1,STAY,0,7733.1,0,0
llama,7,12,UP,0.3619,0.3619,0.2801,0.3581,STAY,1,STAY,0,7627.1,0,0
llama,8,14,STAY,0.3625,0.3344,0.3031,0.3625,STAY,1,STAY,0,7724.2,0,0
llama,9,16,UP,0.3453,0.3453,0.3255,0.3292,STAY,1,STAY,0,7683.4,0,0
llama,10,18,STAY,0.3638,0.3183,0.3179,0.3638,STAY,1,STAY,0,7786.8,0,0
llama,11,20,STAY,0.3559,0.3196,0.3245,0.3559,STAY,1,STAY,0,7650.4,0,0
llama,12,22,STAY,0.372,0.3157,0.3123,0.372,STAY,1,STAY,0,7599.2,0,0
llama,13,24,STAY,0.3484,0.312,0.3396,0.3484,STAY,1,STAY,0,7594.5,0,0
llama,14,26,STAY,0.3847,0.2868,0.3285,0.3847,STAY,1,STAY,0,7685.8,0,0
llama,15,28,UP,0.5881,0.5881,0.1319,0.28,STAY,0,UP,0,7846.8,0,0
llama,16,30,UP,0.6379,0.6379,0.1063,0.2559,UP,0,UP,1,7608.3,0,0
llama,17,32,UP,0.595,0.595,0.1192,0.2858,UP,0,UP,1,7726.5,0,0
llama,18,34,UP,0.6789,0.6789,0.0772,0.2438,UP,0,UP,1,8016.0,0,0
llama,19,36,UP,0.6583,0.6583,0.0918,0.2499,DOWN,0,UP,0,7717.5,0,0
llama,20,38,UP,0.6668,0.6668,0.0872,0.246,DOWN,0,UP,0,7640.4,0,0
llama,21,40,UP,0.6173,0.6173,0.1258,0.257,DOWN,0,UP,0,7631.9,0,0
llama,22,42,UP,0.6621,0.6621,0.0627,0.2752,DOWN,0,UP,0,7677.7,0,0
llama,23,44,UP,0.6063,0.6063,0.0658,0.3279,DOWN,0,UP,0,7662.0,0,0
llama,24,46,UP,0.6512,0.6512,0.0573,0.2915,DOWN,0,UP,0,7689.8,0,0
llama,25,48,UP,0.6947,0.6947,0.0526,0.2527,DOWN,0,UP,0,7928.2,0,0
llama,26,50,UP,0.6194,0.6194,0.0755,0.3051,DOWN,0,UP,0,8056.0,0,0
llama,27,52,UP,0.682,0.682,0.0701,0.2479,DOWN,0,UP,0,7681.2,0,0
llama,28,54,UP,0.6666,0.6666,0.0576,0.2758,DOWN,0,UP,0,7649.2,0,0
llama,29,56,UP,0.6671,0.6671,0.0554,0.2775,DOWN,0,UP,0,7897.7,0,0
llama,30,58,UP,0.6867,0.6867,0.0609,0.2524,DOWN,0,UP,0,7596.1,0,0
llama,31,60,UP,0.6645,0.6645,0.0512,0.2843,DOWN,0,UP,0,7786.8,0,0
llama,32,62,UP,0.6631,0.6631,0.0576,0.2793,DOWN,0,UP,0,7733.1,0,0
llama,33,64,UP,0.6614,0.6614,0.0589,0.2797,DOWN,0,UP,0,8065.4,0,0
llama,34,66,UP,0.656,0.656,0.0667,0.2773,DOWN,0,UP,0,7893.5,0,0
llama,35,68,UP,0.6654,0.6654,0.0648,0.2698,DOWN,0,UP,0,8275.0,0,0
llama,36,70,UP,0.6867,0.6867,0.0786,0.2348,DOWN,0,UP,0,7619.9,0,0
llama,37,72,UP,0.6285,0.6285,0.0913,0.2802,DOWN,0,UP,0,7647.8,0,0
llama,38,74,UP,0.6733,0.6733,0.0738,0.2529,DOWN,0,UP,0,7548.4,0,0
llama,39,76,UP,0.7083,0.7083,0.0684,0.2233,DOWN,0,UP,0,7611.0,0,0
llama,40,78,UP,0.6878,0.6878,0.0848,0.2274,DOWN,0,UP,0,7736.4,0,0
llama,41,80,UP,0.7102,0.7102,0.0704,0.2194,DOWN,0,UP,0,7679.4,0,0
llama,42,82,UP,0.7007,0.7007,0.0692,0.2301,DOWN,0,UP,0,7897.8,0,0
llama,43,84,UP,0.6776,0.6776,0.0921,0.2303,DOWN,0,UP,0,8334.9,0,0
llama,44,86,UP,0.677,0.677,0.0898,0.2333,DOWN,0,UP,0,7654.6,0,0
llama,45,88,UP,0.6796,0.6796,0.1016,0.2188,DOWN,0,UP,0,7537.1,0,0
llama,46,90,UP,0.6623,0.6623,0.1081,0.2296,DOWN,0,UP,0,7572.3,0,0
llama,47,92,UP,0.6622,0.6622,0.1001,0.2377,DOWN,0,UP,0,7567.7,0,0
llama,48,94,UP,0.6754,0.6754,0.0967,0.2279,DOWN,0,UP,0,7733.9,0,0
llama,49,96,UP,0.6892,0.6892,0.0895,0.2213,DOWN,0,UP,0,7611.8,0,0
llama,50,98,UP,0.7067,0.7067,0.0806,0.2127,DOWN,0,UP,0,7750.1,0,0
llama,51,100,UP,0.6695,0.6695,0.0913,0.2391,DOWN,0,UP,0,7532.1,0,0
llama,52,102,UP,0.6705,0.6705,0.0933,0.2362,DOWN,0,UP,0,7616.1,0,0
llama,53,104,UP,0.6565,0.6565,0.0899,0.2536,DOWN,0,UP,0,7638.9,0,0
llama,54,106,UP,0.6387,0.6387,0.1055,0.2558,DOWN,0,UP,0,7633.7,0,0
llama,55,108,UP,0.6823,0.6823,0.0777,0.24,DOWN,0,UP,0,7652.8,0,0
llama,56,110,UP,0.6939,0.6939,0.069,0.2371,DOWN,0,UP,0,7824.1,0,0
llama,57,112,UP,0.6174,0.6174,0.0756,0.307,DOWN,0,UP,0,7681.0,0,0
llama,58,114,UP,0.6319,0.6319,0.0636,0.3045,DOWN,0,UP,0,7600.1,0,0
llama,59,116,UP,0.6384,0.6384,0.0683,0.2933,DOWN,0,UP,0,7705.7,0,0
llama,60,118,UP,0.6101,0.6101,0.0758,0.3141,DOWN,0,UP,0,7636.6,0,0
llama,61,120,UP,0.6661,0.6661,0.0705,0.2634,DOWN,0,UP,0,7600.0,0,0
llama,62,122,UP,0.6283,0.6283,0.0794,0.2923,DOWN,0,UP,0,7643.9,0,0
llama,63,124,UP,0.6397,0.6397,0.0749,0.2854,DOWN,0,UP,0,7643.6,0,0
llama,64,126,UP,0.6935,0.6935,0.0708,0.2357,DOWN,0,UP,0,8026.6,0,0
llama,65,128,UP,0.646,0.646,0.0722,0.2817,DOWN,0,UP,0,7641.1,0,0
llama,66,130,UP,0.6837,0.6837,0.0852,0.2311,DOWN,0,UP,0,7565.9,0,0
llama,67,132,UP,0.643,0.643,0.0671,0.2899,DOWN,0,UP,0,7581.2,0,0
llama,68,134,STAY,0.3936,0.3864,0.22,0.3936,DOWN,1,DOWN,0,7564.3,0,0
llama,69,136,UP,0.4112,0.4112,0.2873,0.3015,UP,1,UP,0,7739.2,0,0
llama,70,138,UP,0.4423,0.4423,0.2075,0.3502,DOWN,1,DOWN,0,7524.4,0,0
llama,71,140,UP,0.3967,0.3967,0.2841,0.3191,UP,1,UP,0,7554.8,0,0
llama,72,142,STAY,0.4058,0.3944,0.1998,0.4058,DOWN,1,DOWN,0,7974.0,0,0
llama,73,144,UP,0.4148,0.4148,0.3079,0.2773,UP,1,UP,0,7852.1,0,0
llama,74,146,STAY,0.4412,0.3789,0.1799,0.4412,DOWN,1,DOWN,0,8255.9,0,0
llama,75,148,UP,0.4344,0.4344,0.2587,0.3069,UP,1,UP,0,7582.1,0,0
llama,76,150,STAY,0.42,0.3509,0.2291,0.42,DOWN,1,DOWN,0,7716.5,0,0
llama,77,152,STAY,0.386,0.3679,0.2461,0.386,DOWN,1,DOWN,0,7613.4,0,0
llama,78,154,STAY,0.3812,0.3338,0.2849,0.3812,DOWN,1,DOWN,0,7696.7,0,0
llama,79,156,STAY,0.363,0.3556,0.2814,0.363,DOWN,1,DOWN,0,7666.0,0,0
llama,80,158,UP,0.3656,0.3656,0.2956,0.3388,UP,1,UP,0,7822.1,0,0
llama,81,160,STAY,0.3838,0.3398,0.2763,0.3838,DOWN,1,DOWN,0,7894.0,0,0
llama,82,162,UP,0.3776,0.3776,0.2888,0.3336,UP,1,UP,0,8183.9,0,0
llama,83,164,STAY,0.3951,0.346,0.2589,0.3951,DOWN,1,DOWN,0,7633.2,0,0
llama,84,166,UP,0.3758,0.3758,0.3026,0.3216,UP,1,UP,0,7753.3,0,0
llama,85,168,UP,0.391,0.391,0.2976,0.3114,DOWN,1,DOWN,0,7728.5,0,0
llama,86,170,UP,0.3566,0.3566,0.2946,0.3487,UP,1,UP,0,7765.7,0,0
llama,87,172,UP,0.4036,0.4036,0.2863,0.3101,DOWN,1,DOWN,0,7636.6,0,0
llama,88,174,UP,0.3969,0.3969,0.2796,0.3235,UP,1,UP,0,7825.2,0,0
llama,89,176,STAY,0.3809,0.3581,0.261,0.3809,DOWN,1,DOWN,0,7612.2,0,0
llama,90,178,UP,0.3695,0.3695,0.2723,0.3582,UP,1,UP,0,7679.6,0,0
llama,91,180,UP,0.3603,0.3603,0.2972,0.3425,DOWN,1,DOWN,0,7622.5,0,0
llama,92,182,UP,0.3501,0.3501,0.3124,0.3375,UP,1,UP,0,7582.2,0,0
llama,93,184,UP,0.4073,0.4073,0.2847,0.3079,DOWN,1,DOWN,0,7710.4,0,0
llama,94,186,UP,0.3864,0.3864,0.2724,0.3413,UP,1,UP,0,7768.8,0,0
llama,95,188,UP,0.3755,0.3755,0.3252,0.2993,DOWN,1,DOWN,0,7892.6,0,0
llama,96,190,UP,0.3891,0.3891,0.3299,0.281,UP,1,UP,0,7797.6,0,0
llama,97,192,UP,0.3734,0.3734,0.362,0.2647,DOWN,1,DOWN,0,7657.1,0,0
llama,98,194,UP,0.3992,0.3992,0.3288,0.272,UP,1,UP,0,7552.3,0,0
llama,99,196,UP,0.4,0.4,0.3092,0.2908,DOWN,1,DOWN,0,7714.0,0,0
llama,100,198,UP,0.3784,0.3784,0.3414,0.2803,UP,1,UP,0,7734.8,0,0
llama,101,200,DOWN,0.3611,0.3604,0.3611,0.2784,DOWN,1,DOWN,0,7566.8,0,0
llama,102,202,UP,0.3782,0.3782,0.3185,0.3033,UP,1,UP,0,7871.9,0,0
llama,103,204,UP,0.4134,0.4134,0.3241,0.2624,DOWN,1,DOWN,0,7893.4,0,0
llama,104,206,UP,0.4397,0.4397,0.3053,0.255,UP,1,UP,0,7820.7,0,0
llama,105,208,UP,0.4244,0.4244,0.3223,0.2533,DOWN,1,DOWN,0,7620.9,0,0
llama,106,210,UP,0.4117,0.4117,0.3261,0.2622,UP,1,UP,0,7523.6,0,0
llama,107,212,UP,0.439,0.439,0.2842,0.2767,UP,1,UP,0,7635.1,0,0
llama,108,214,UP,0.4543,0.4543,0.302,0.2437,UP,1,UP,0,7610.2,0,0
llama,109,216,UP,0.6817,0.6817,0.1307,0.1876,UP,0,UP,1,7590.8,0,0
llama,110,218,UP,0.6176,0.6176,0.0932,0.2891,STAY,0,UP,0,7804.6,0,0
llama,111,220,UP,0.6284,0.6284,0.0999,0.2716,STAY,0,UP,0,7955.8,0,0
llama,112,222,UP,0.6729,0.6729,0.0932,0.2339,STAY,0,UP,0,8534.3,0,0
llama,113,224,UP,0.6491,0.6491,0.0932,0.2578,STAY,0,UP,0,7666.4,0,0
llama,114,226,UP,0.5929,0.5929,0.1149,0.2922,STAY,0,UP,0,7619.3,0,0
llama,115,228,UP,0.6422,0.6422,0.0996,0.2582,STAY,0,UP,0,7654.0,0,0
llama,116,230,UP,0.6531,0.6531,0.0832,0.2637,STAY,0,UP,0,7582.7,0,0
llama,117,232,UP,0.5989,0.5989,0.0729,0.3282,STAY,0,UP,0,7542.8,0,0
llama,118,234,UP,0.6216,0.6216,0.0739,0.3045,STAY,0,UP,0,7638.0,0,0
llama,119,236,UP,0.5968,0.5968,0.0739,0.3293,STAY,0,UP,0,8219.5,0,0
llama,120,238,UP,0.5631,0.5631,0.0764,0.3604,STAY,0,UP,0,7710.9,0,0
llama,121,240,UP,0.6162,0.6162,0.0635,0.3203,STAY,0,UP,0,8123.9,0,0
llama,122,242,UP,0.6274,0.6274,0.0756,0.297,STAY,0,UP,0,7748.6,0,0
llama,123,244,UP,0.6764,0.6764,0.0666,0.257,STAY,0,UP,0,7578.8,0,0
llama,124,246,UP,0.6613,0.6613,0.0716,0.2671,STAY,0,UP,0,7685.1,0,0
llama,125,248,UP,0.637,0.637,0.0714,0.2915,STAY,0,UP,0,8815.5,0,0
llama,126,250,UP,0.6563,0.6563,0.0625,0.2812,STAY,0,UP,0,9583.6,0,0
llama,127,252,UP,0.6216,0.6216,0.0732,0.3052,STAY,0,UP,0,9763.6,0,0
llama,128,254,UP,0.5899,0.5899,0.0764,0.3337,STAY,0,UP,0,9370.6,0,0
llama,129,256,UP,0.6234,0.6234,0.0727,0.3039,STAY,0,UP,0,9563.9,0,0
llama,130,258,UP,0.6173,0.6173,0.0813,0.3014,STAY,0,UP,0,9686.2,0,0
llama,131,260,UP,0.5974,0.5974,0.0766,0.3259,STAY,0,UP,0,9574.9,0,0
llama,132,262,UP,0.6383,0.6383,0.0604,0.3012,STAY,0,UP,0,9754.9,0,0
llama,133,264,UP,0.5863,0.5863,0.0878,0.3259,STAY,0,UP,0,7749.0,0,0
llama,134,266,UP,0.6048,0.6048,0.0739,0.3213,STAY,0,UP,0,7710.7,0,0
llama,135,268,UP,0.5652,0.5652,0.0838,0.351,STAY,0,UP,0,7607.0,0,0
llama,136,270,UP,0.6455,0.6455,0.0635,0.291,DOWN,0,UP,0,7641.4,0,0
llama,137,272,UP,0.6082,0.6082,0.0849,0.3069,DOWN,0,UP,0,7648.0,0,0
llama,138,274,UP,0.6315,0.6315,0.0825,0.2861,DOWN,0,UP,0,7671.6,0,0
llama,139,276,UP,0.6589,0.6589,0.0526,0.2885,DOWN,0,UP,0,7846.3,0,0
llama,140,278,STAY,0.3796,0.3792,0.2412,0.3796,DOWN,1,DOWN,0,8078.9,0,0
llama,141,280,UP,0.406,0.406,0.2938,0.3003,DOWN,1,DOWN,0,7867.0,0,0
llama,142,282,UP,0.3688,0.3688,0.2952,0.336,DOWN,1,DOWN,0,7558.4,0,0
llama,143,284,UP,0.392,0.392,0.2546,0.3534,DOWN,1,DOWN,0,7659.6,0,0
llama,144,286,UP,0.3867,0.3867,0.2943,0.319,UP,1,UP,0,7647.8,0,0
llama,145,288,UP,0.3879,0.3879,0.275,0.3372,DOWN,1,DOWN,0,7666.8,0,0
llama,146,290,UP,0.3986,0.3986,0.2821,0.3193,UP,1,UP,0,8459.5,0,0
llama,147,292,UP,0.3832,0.3832,0.3075,0.3094,DOWN,1,DOWN,0,11932.3,0,0
llama,148,294,UP,0.4088,0.4088,0.2447,0.3464,UP,1,UP,0,13101.9,0,0
llama,149,296,UP,0.373,0.373,0.2837,0.3432,DOWN,1,DOWN,0,11956.6,0,0
llama,150,298,UP,0.3789,0.3789,0.2799,0.3412,UP,1,UP,0,11176.5,0,0
llama,151,300,UP,0.3964,0.3964,0.2555,0.3481,DOWN,1,DOWN,0,11240.6,0,0
llama,152,302,STAY,0.3763,0.3673,0.2564,0.3763,UP,1,UP,0,10765.0,0,0
llama,153,304,UP,0.3798,0.3798,0.2539,0.3663,DOWN,1,DOWN,0,11704.6,0,0
llama,154,306,UP,0.365,0.365,0.2723,0.3627,UP,1,UP,0,11546.2,0,0
llama,155,308,UP,0.3606,0.3606,0.3386,0.3008,DOWN,1,DOWN,0,10894.9,0,0
llama,156,310,UP,0.3923,0.3923,0.2993,0.3085,UP,1,UP,0,10903.7,0,0
llama,157,312,UP,0.3377,0.3377,0.3304,0.332,DOWN,1,DOWN,0,10875.7,0,0
llama,158,314,UP,0.3704,0.3704,0.3201,0.3094,UP,1,UP,0,11406.2,0,0
llama,159,316,UP,0.4156,0.4156,0.2942,0.2901,DOWN,1,DOWN,0,10957.2,0,0
llama,160,318,UP,0.3701,0.3701,0.3332,0.2967,UP,1,UP,0,10297.2,0,0
llama,161,320,DOWN,0.3896,0.3372,0.3896,0.2732,DOWN,1,DOWN,0,7669.2,0,0
llama,162,322,UP,0.4146,0.4146,0.316,0.2695,UP,1,UP,0,7841.1,0,0
llama,163,324,UP,0.4011,0.4011,0.2944,0.3044,DOWN,1,DOWN,0,9259.2,0,0
llama,164,326,UP,0.4132,0.4132,0.3152,0.2716,UP,1,UP,0,11934.4,0,0
llama,165,328,UP,0.4068,0.4068,0.3116,0.2816,DOWN,1,DOWN,0,9216.4,0,0
llama,166,330,UP,0.4074,0.4074,0.327,0.2656,UP,1,UP,0,8356.1,0,0
llama,167,332,UP,0.4202,0.4202,0.2911,0.2887,UP,1,UP,0,9202.2,0,0
llama,168,334,UP,0.4038,0.4038,0.3244,0.2718,UP,1,UP,0,11676.2,0,0
llama,169,336,UP,0.4385,0.4385,0.3233,0.2381,UP,1,UP,0,11074.8,0,0
llama,170,338,UP,0.4261,0.4261,0.2349,0.339,UP,1,UP,0,11374.4,0,0
llama,171,340,UP,0.658,0.658,0.0946,0.2474,UP,0,UP,1,11056.7,0,0
llama,172,342,UP,0.6447,0.6447,0.0914,0.2639,UP,0,UP,1,11416.9,0,0
llama,173,344,UP,0.6491,0.6491,0.0932,0.2578,UP,0,UP,1,11714.9,0,0
llama,174,346,UP,0.6094,0.6094,0.0991,0.2915,UP,0,UP,1,11019.5,0,0
llama,175,348,UP,0.6345,0.6345,0.0962,0.2694,UP,0,UP,1,11611.5,0,0
llama,176,350,UP,0.6531,0.6531,0.0832,0.2637,UP,0,UP,1,12299.6,0,0
llama,177,352,UP,0.5989,0.5989,0.0729,0.3282,UP,0,UP,1,11827.7,0,0
llama,178,354,UP,0.6216,0.6216,0.0739,0.3045,UP,0,UP,1,11069.9,0,0
llama,179,356,UP,0.5968,0.5968,0.0739,0.3293,UP,0,UP,1,11015.9,0,0
llama,180,358,UP,0.5975,0.5975,0.0665,0.336,UP,0,UP,1,11025.2,0,0
llama,181,360,UP,0.6162,0.6162,0.0635,0.3203,UP,0,UP,1,12068.0,0,0
llama,182,362,UP,0.6081,0.6081,0.0809,0.311,UP,0,UP,1,12414.0,0,0
llama,183,364,UP,0.6326,0.6326,0.0614,0.306,UP,0,UP,1,11330.7,0,0
llama,184,366,UP,0.6824,0.6824,0.0602,0.2574,UP,0,UP,1,9800.7,0,0
llama,185,368,UP,0.63,0.63,0.0669,0.3032,UP,0,UP,1,7527.8,0,0
llama,186,370,UP,0.6438,0.6438,0.0623,0.294,UP,0,UP,1,11222.9,0,0
llama,187,372,UP,0.635,0.635,0.0719,0.2932,UP,0,UP,1,11642.3,0,0
llama,188,374,UP,0.5987,0.5987,0.0779,0.3235,UP,0,UP,1,15902.7,0,0
llama,189,376,UP,0.6073,0.6073,0.0603,0.3324,UP,0,UP,1,13463.9,0,0
llama,190,378,UP,0.624,0.624,0.0545,0.3215,UP,0,UP,1,12091.4,0,0
llama,191,380,UP,0.6247,0.6247,0.0694,0.306,UP,0,UP,1,12082.6,0,0
llama,192,382,UP,0.6221,0.6221,0.0657,0.3122,UP,0,UP,1,10964.8,0,0
llama,193,384,UP,0.6411,0.6411,0.0953,0.2636,UP,0,UP,1,10458.7,0,0
llama,194,386,UP,0.579,0.579,0.0932,0.3278,UP,0,UP,1,11228.6,0,0
llama,195,388,UP,0.385,0.385,0.2381,0.3769,UP,1,UP,0,11200.7,0,0
llama,196,390,STAY,0.3987,0.3623,0.2391,0.3987,DOWN,1,DOWN,0,11695.9,0,0
llama,197,392,STAY,0.3644,0.357,0.2786,0.3644,DOWN,1,DOWN,0,12011.6,0,0
llama,198,394,STAY,0.3733,0.3424,0.2844,0.3733,DOWN,1,DOWN,0,11957.4,0,0
llama,199,396,UP,0.3656,0.3656,0.2829,0.3515,DOWN,1,DOWN,0,10938.1,0,0
llama,200,398,UP,0.3745,0.3745,0.3027,0.3229,UP,1,UP,0,11202.7,0,0
